Person 1,Person 2,Anniversary
Chad Frey MD,Christopher Knapp,2009-12-24
Jennifer Jones,Kayla Cardenas,1997-03-23
Steven Collins,Barbara Johnson,1982-04-17
Lauren Welch,Jeffrey Tyler,1979-07-25
William Anderson,Paul Wilson,2009-07-01
Steven Evans,Gregg Romero,1985-07-25
Jason Hess,Kyle Hayes,2008-09-26
Michael Wright,Jesse Foster,1999-12-08
Kayla Cardenas,Eric Ho,1984-12-19
Steven Evans,Anthony Ramirez,2005-01-27
James Higgins,Luis Watts,1983-01-13
Linda Brown,Dustin Diaz,2017-07-08
Beth Harris DVM,David Oconnor,1981-03-07
Jeffrey Tyler,Megan Cruz,1978-01-27
Jennifer Cantu,Ryan Phillips,2015-02-23
Kari Tucker,Richard Ellis,1975-08-06
Charles Vazquez,Briana Wilson,2019-05-15
Jaime Morgan,Ray Robles,2020-03-26
Katelyn Ayers,Emily Mclaughlin,2014-02-19
Jesse Carroll,Jaime Morgan,2023-03-08
Sara Hodge,Danny Wong,2015-06-30
Ian Hill,Brenda Davenport,1989-02-14
Mary Miller,Mathew Avila,1985-04-09
Virginia Hodge,Brian Sanchez,1992-03-10
Daniel Smith,Jesse Foster,1995-10-02
Teresa Morales,Rebecca Johnston,1976-02-07
David Morgan,Anthony Coleman,1995-10-05
Terry Gross,Cheryl Patton,1983-10-04
Mary Miller,John Gonzales,2016-12-09
James Smith,Megan Cruz,1996-07-02
Tara Stewart,Greg Marsh,1995-10-22
Joyce Garcia,Anthony Ramirez,1991-10-24
Robert Adams,Willie Rojas,1986-05-22
Willie Rojas,Jennifer Cantu,1990-12-04
Melissa Richardson,Andrea Small,2008-02-06
Michelle Hines,Amy Baldwin,1996-09-06
James Higgins,Ian Hill,2000-09-05
Sarah Allen,Kelly Young DDS,1991-04-14
Peter Smith,Michelle Green,2009-05-31
Jesse Carroll,Marcia Knight,2000-08-28
Michelle Jackson,Sandra Wheeler,2022-10-20
James Smith,Virginia Hodge,2004-04-05
